{
  "$schema": "https://raw.githubusercontent.com/EDURange/schema/main/schemas/cdf.schema.json",
  "metadata": {
    "id": "bandit-6",
    "pack_id": "overthewire-bandit",
    "name": "Bandit Level 6",
    "version": "1.0.0",
    "description": "The password for the next level is stored somewhere on the server and has specific properties: owned by user bandit7, owned by group bandit6, and 33 bytes in size. Learn how to search for files with specific ownership and permissions.",
    "challenge_type": "fullOS",
    "difficulty": "intermediate",
    "author": "EDURange Team"
  },
  "components": [
    {
      "type": "container",
      "id": "bandit-6-os",
      "config": {
        "image": "registry.rydersel.cloud/bandit6",
        "resources": {
          "cpu_limit": "500m",
          "mem_limit": "512Mi"
        }
      }
    },
    {
      "type": "webosApp",
      "id": "terminal",
      "config": {
        "title": "Terminal",
        "icon": "./icons/Remote-Terminal.svg",
        "width": 60,
        "height": 55,
        "screen": "displayTerminal",
        "disabled": false,
        "favourite": true,
        "desktop_shortcut": true,
        "launch_on_startup": true,
        "additional_config": {
          "disableScrolling": true
        },
        "app_type": "terminal"
      }
    },
    {
      "type": "webosApp",
      "id": "chrome",
      "config": {
        "title": "Browser",
        "icon": "./icons/browser.svg",
        "width": 70,
        "height": 80,
        "screen": "displayChrome",
        "disabled": false,
        "favourite": true,
        "desktop_shortcut": true,
        "launch_on_startup": false,
        "app_type": "browser"
      }
    },
    {
      "type": "webosApp",
      "id": "calc",
      "config": {
        "title": "Calculator",
        "icon": "./icons/calculator.svg",
        "width": 5,
        "height": 50,
        "screen": "displayTerminalCalc",
        "disabled": false,
        "favourite": true,
        "desktop_shortcut": false,
        "launch_on_startup": false,
        "app_type": "terminal"
      }
    },
    {
      "type": "webosApp",
      "id": "codeeditor",
      "config": {
        "title": "Code Editor",
        "icon": "./icons/code-editor.svg",
        "width": 60,
        "height": 75,
        "screen": "displayCodeEditor",
        "disabled": false,
        "favourite": true,
        "desktop_shortcut": false,
        "launch_on_startup": false,
        "app_type": "editor"
      }
    },
    {
      "type": "webosApp",
      "id": "settings",
      "config": {
        "title": "Settings",
        "icon": "./icons/settings.svg",
        "width": 50,
        "height": 60,
        "screen": "displaySettings",
        "disabled": false,
        "favourite": true,
        "desktop_shortcut": false,
        "launch_on_startup": false,
        "app_type": "custom"
      }
    },
    {
      "type": "webosApp",
      "id": "cyberchef",
      "config": {
        "title": "Cyber Chef",
        "icon": "./icons/cyberchef.svg",
        "width": 75,
        "height": 85,
        "screen": "Cyberchef",
        "disabled": false,
        "favourite": true,
        "desktop_shortcut": true,
        "launch_on_startup": false,
        "app_type": "custom"
      }
    },
    {
      "type": "question",
      "id": "q1_find_options",
      "config": {
        "text": "What 'find' command options would you use to search for files with specific user and group ownership?",
        "type": "text",
        "points": 5,
        "answer": "-user and -group",
        "order": 0
      }
    },
    {
      "type": "question",
      "id": "q2_flag",
      "config": {
        "text": "Find the password in the file with the specified ownership and size properties.",
        "type": "flag",
        "points": 15,
        "answer": "bandit6_password_flag",
        "order": 1
      }
    }
  ],
  "typeConfig": {
    "challengeImage": "registry.rydersel.cloud/bandit6"
  }
}