{
  "$schema": "https://raw.githubusercontent.com/EDURange/schema/main/schemas/cdf.schema.json",
  "metadata": {
    "id": "sql-injection-challenge6",
    "pack_id": "sql-injection-series",
    "name": "SQL Injection: Data Modification",
    "version": "1.0.0",
    "description": "Learn how to use SQL injection to modify database content and reveal hidden information.",
    "challenge_type": "sql-injection",
    "difficulty": "beginner",
    "estimated_time": 20
  },
  "components": [
    {
      "type": "webosApp",
      "id": "settings",
      "config": {
        "title": "Settings",
        "icon": "./icons/settings.svg",
        "width": 50,
        "height": 60,
        "screen": "displaySettings",
        "disabled": false,
        "favourite": true,
        "desktop_shortcut": false,
        "launch_on_startup": false,
        "app_type": "custom"
      }
    },
    {
      "type": "webosApp",
      "id": "chrome",
      "config": {
        "title": "Browser",
        "icon": "./icons/browser.svg",
        "width": 70,
        "height": 80,
        "screen": "displayChrome",
        "disabled": false,
        "favourite": true,
        "desktop_shortcut": true,
        "launch_on_startup": false,
        "app_type": "browser"
      }
    },
    {
      "type": "webosApp",
      "id": "web_chal",
      "config": {
        "title": "SQL Challenge 6",
        "icon": "./icons/browser.svg",
        "width": 70,
        "height": 80,
        "screen": "displayWebChal",
        "disabled": false,
        "favourite": true,
        "desktop_shortcut": true,
        "launch_on_startup": true,
        "app_type": "custom"
      }
    },
    {
      "id": "flag-question",
      "type": "question",
      "config": {
        "type": "flag",
        "text": "What is the flag you found in the hidden admin review? (Format: CTF{...})",
        "points": 100,
        "answer": "CTF{SQL_update_injection_master}",
        "hint": "Try injecting SQL in the 'Your Name' field that will update the hidden status of reviews. Look for ways to modify data using UPDATE statements."
      }
    }
  ],
  "typeConfig": {
    "challengeImage": "registry.edurange.cloud/challenges/sql-injection-challenge6",
    "databaseImage": "mysql:5.7"
  }
}
