{
  "$schema": "https://raw.githubusercontent.com/EDURange/schema/main/schemas/cdf.schema.json",
  "metadata": {
    "id": "javascript-secrets",
    "pack_id": "source-code-secrets",
    "name": "JavaScript Secrets",
    "version": "1.0.0",
    "description": "Find a hidden flag in JavaScript code. This challenge teaches you how to examine JavaScript files to find information that might be hidden in client-side code.",
    "challenge_type": "web",
    "difficulty": "beginner",
    "author": "EDURange Team"
  },
  "components": [
    {
      "type": "container",
      "id": "webserver-3",
      "config": {
        "image": "registry.edurange.cloud/challenges/source-code-secrets-3",
        "ports": [
          {
            "containerPort": 80,
            "protocol": "TCP"
          }
        ],
        "resources": {
          "cpu_limit": "500m",
          "mem_limit": "512Mi"
        }
      }
    },
    {
      "type": "webosApp",
      "id": "chrome",
      "config": {
        "title": "Browser",
        "icon": "./icons/browser.svg",
        "width": 70,
        "height": 80,
        "screen": "displayChrome",
        "disabled": false,
        "favourite": true,
        "desktop_shortcut": true,
        "launch_on_startup": false,
        "app_type": "browser"
      }
    },
    {
      "type": "webosApp",
      "id": "web_chal",
      "config": {
        "title": "Web Challenge",
        "icon": "./icons/browser.svg",
        "width": 70,
        "height": 80,
        "screen": "displayWebChal",
        "disabled": false,
        "favourite": true,
        "desktop_shortcut": true,
        "launch_on_startup": true,
        "app_type": "custom"
      }
    },
    {
      "type": "question",
      "id": "q1_flag",
      "config": {
        "text": "What is the flag hidden in the JavaScript code?",
        "type": "flag",
        "points": 20,
        "order": 0
      }
    },
    {
      "type": "question",
      "id": "q2_object",
      "config": {
        "text": "In which JavaScript object was the flag stored?",
        "type": "text",
        "points": 5,
        "answer": "securitySettings",
        "order": 1
      }
    },
    {
      "type": "question",
      "id": "q3_property",
      "config": {
        "text": "What property of this object contained the flag?",
        "type": "text",
        "points": 5,
        "answer": "secretToken",
        "order": 2
      }
    }
  ],
  "typeConfig": {
    "challengeImage": "registry.edurange.cloud/challenges/source-code-secrets-2"
  }
}